<webmd_rendition><content><wbmd_asset object_type="wbmd_pb_module" id="091e9c5e80b4a5b7"><webmd_module><module_settings><chronic_id xmlns:xalan="http://xml.apache.org/xalan" xmlns:fn="http://www.w3.org/2005/02/xpath-functions">091e9c5e80b4a5b7</chronic_id><title xmlns:xalan="http://xml.apache.org/xalan" xmlns:fn="http://www.w3.org/2005/02/xpath-functions">edmoduletest</title><object_name xmlns:xalan="http://xml.apache.org/xalan" xmlns:fn="http://www.w3.org/2005/02/xpath-functions">module_edmoduletest_091e9c5e80b4a5b7.xml</object_name><object_type xmlns:xalan="http://xml.apache.org/xalan" xmlns:fn="http://www.w3.org/2005/02/xpath-functions">wbmd_pb_module</object_type><r_modify_date xmlns:xalan="http://xml.apache.org/xalan" xmlns:fn="http://www.w3.org/2005/02/xpath-functions">09/26/2012 16:06:29</r_modify_date></module_settings><module_data xmlns:xalan="http://xml.apache.org/xalan" xmlns:fn="http://www.w3.org/2005/02/xpath-functions"><module_title>Sample Section 2</module_title><module_link_view>Page Refresh(Default)</module_link_view><module_link chronic_id="" directive="friendlyurl" object_type="" wbmd_lookup_type="" wbmd_storage_value=""/><links><link_bullet>false</link_bullet><link><link_text>President Obama (D)</link_text><action_text>&lt;p&gt;Some other content under Obama&lt;/p&gt;&#xD;
&#xD;
&lt;p&gt;blah blah blah fairness blah blah blah&lt;/p&gt;
</action_text><link_link_view>Page Refresh(Default)</link_link_view><link_url chronic_id="" directive="friendlyurl" wbmd_lookup_type="" wbmd_storage_value=""/><link_source_icon chronic_id="091e9c5e800317a6" directive="imageurl" object_type="wbmd_cons_img" wbmd_lookup_type="" wbmd_storage_value="" path="/webmd/consumer_assets/site_images/thumbnails/thumb_s_11DontTelltheWifeSe.jpg" alt="11 dont tell the wife"/></link><link><link_text>Governor Romney (R)</link_text><action_text>&lt;p&gt;Some other content under Romney&lt;/p&gt;&#xD;
&#xD;
&lt;p&gt;blah blah blah free market blah blah blah&lt;/p&gt;
</action_text><link_link_view>Page Refresh(Default)</link_link_view><link_url chronic_id="" directive="friendlyurl" wbmd_lookup_type="" wbmd_storage_value=""/><link_source_icon chronic_id="091e9c5e800206f8" directive="imageurl" object_type="wbmd_cons_img" wbmd_lookup_type="" wbmd_storage_value="" path="/webmd/consumer_assets/site_images/thumbnails/thumb_s_YourProblemGrayHair.jpg" alt=""/></link></links><descriptions><description><description_text>Other description text</description_text></description><description><description_text>sources for the other section</description_text></description></descriptions><body_images><body_image><override_text/><image_link_view>Page Refresh(Default)</image_link_view><alignment>left</alignment><source chronic_id="" directive="imageurl" object_type="" wbmd_lookup_type="" wbmd_storage_value="" path="" alt=""/><image_link chronic_id="" directive="friendlyurl" object_type="" wbmd_lookup_type="" wbmd_storage_value=""/></body_image></body_images></module_data></webmd_module></wbmd_asset></content><friendlyurls/><referenced_objects/><container_hierarchy/><expanded_objects/><resources><sites><site siteId="3" domain="preview.webmd.com"/><site siteId="7" domain="preview.webmd.boots.com"/><site siteId="8" domain="preview.m.webmd.com"/></sites><ImageServerUrls><ImageServerUrl siteId="3" url="http://img.preview.webmd.com/dtmcms/preview"/><ImageServerUrl siteId="7" url="http://img.preview.webmd.boots.com/dtmcms/preview"/><ImageServerUrl siteId="8" url="http://img.preview.webmd.com/dtmcms/preview"/></ImageServerUrls></resources></webmd_rendition>