<webmd_rendition><content><wbmd_asset object_type="wbmd_pb_module" id="091e9c5e80b4a5b7"><webmd_module><module_settings><chronic_id xmlns:xalan="http://xml.apache.org/xalan" xmlns:fn="http://www.w3.org/2005/02/xpath-functions">091e9c5e80b4a5b7</chronic_id><title xmlns:xalan="http://xml.apache.org/xalan" xmlns:fn="http://www.w3.org/2005/02/xpath-functions">edmoduletest</title><object_name xmlns:xalan="http://xml.apache.org/xalan" xmlns:fn="http://www.w3.org/2005/02/xpath-functions">module_edmoduletest_091e9c5e80b4a5b7.xml</object_name><object_type xmlns:xalan="http://xml.apache.org/xalan" xmlns:fn="http://www.w3.org/2005/02/xpath-functions">wbmd_pb_module</object_type><r_modify_date xmlns:xalan="http://xml.apache.org/xalan" xmlns:fn="http://www.w3.org/2005/02/xpath-functions">09/26/2012 16:06:29</r_modify_date></module_settings><module_data xmlns:xalan="http://xml.apache.org/xalan" xmlns:fn="http://www.w3.org/2005/02/xpath-functions"><module_title>Medicare</module_title><module_link_view>Page Refresh(Default)</module_link_view><module_link chronic_id="" directive="friendlyurl" object_type="" wbmd_lookup_type="" wbmd_storage_value=""/><links><link_bullet>false</link_bullet><link><link_text>President Obama (D)</link_text><action_text>&lt;p&gt;Keep traditional Medicare but slow growth by cutting $716 billion in payments to doctors and hospitals.  Senior's benefits would not change.&lt;/p&gt;&#xD;
&#xD;
&lt;p&gt;Premiums adjust to reflect cost of living increases.&lt;/p&gt;&#xD;
&#xD;
&lt;p&gt;Close the prescription drug "doughnut hole" by 2020 so seniors have less out-of-pocket costs for their medications.&lt;/p&gt;&#xD;
&#xD;
&lt;p&gt;Cover preventive services such as annual doctor visits and screening tests without a co-payment or deductible.&lt;/p&gt;</action_text><link_link_view>Page Refresh(Default)</link_link_view><link_url chronic_id="" directive="friendlyurl" wbmd_lookup_type="" wbmd_storage_value=""/><link_source_icon chronic_id="091e9c5e800317a6" directive="imageurl" object_type="wbmd_cons_img" wbmd_lookup_type="" wbmd_storage_value="" path="/webmd/consumer_assets/site_images/thumbnails/thumb_s_11DontTelltheWifeSe.jpg" alt="11 dont tell the wife"/></link><link><link_text>Governor Romney (R)</link_text><action_text>&lt;p&gt;Medicare would become an option in a market based system known as "premium support."&lt;/p&gt;&#xD;
&#xD;
&lt;p&gt;Beneficiaries would get a set amount of money to buy a plan of their choice, including traditional Medicare.&lt;/p&gt;&#xD;
&#xD;
&lt;p&gt;Romney has said he does not have plans to make cuts in funding to Medicare.&lt;/p&gt;&#xD;
</action_text><link_link_view>Page Refresh(Default)</link_link_view><link_url chronic_id="" directive="friendlyurl" wbmd_lookup_type="" wbmd_storage_value=""/><link_source_icon chronic_id="091e9c5e800206f8" directive="imageurl" object_type="wbmd_cons_img" wbmd_lookup_type="" wbmd_storage_value="" path="/webmd/consumer_assets/site_images/thumbnails/thumb_s_YourProblemGrayHair.jpg" alt=""/></link></links><descriptions><description><description_text>Medicare, the government health care plan for the disabled and Americans 65 and older, covers around 48 million people. It is an expensive program, and at the current rate of spending it is estimated that Medicare would run out of the money necessary to cover benefits by 2024. Both candidates have plans that they say will keep Medicare in business longer.&lt;ul&gt;&#xD;
 &lt;li&gt;&lt;a href="http://www.webmd.com"&gt;testing html&lt;/a&gt;&lt;/li&gt;&#xD;
 &lt;li&gt;&lt;a href="http://www.webmd.com"&gt;testing html&lt;/a&gt;&lt;/li&gt;&#xD;
&lt;/ul&gt;</description_text></description><description><description_text>this would be the sources area if there were any sources</description_text></description></descriptions><body_images><body_image><override_text/><image_link_view>Page Refresh(Default)</image_link_view><alignment>left</alignment><source chronic_id="" directive="imageurl" object_type="" wbmd_lookup_type="" wbmd_storage_value="" path="" alt=""/><image_link chronic_id="" directive="friendlyurl" object_type="" wbmd_lookup_type="" wbmd_storage_value=""/></body_image></body_images></module_data></webmd_module></wbmd_asset></content><friendlyurls/><referenced_objects/><container_hierarchy/><expanded_objects/><resources><sites><site siteId="3" domain="preview.webmd.com"/><site siteId="7" domain="preview.webmd.boots.com"/><site siteId="8" domain="preview.m.webmd.com"/></sites><ImageServerUrls><ImageServerUrl siteId="3" url="http://img.preview.webmd.com/dtmcms/preview"/><ImageServerUrl siteId="7" url="http://img.preview.webmd.boots.com/dtmcms/preview"/><ImageServerUrl siteId="8" url="http://img.preview.webmd.com/dtmcms/preview"/></ImageServerUrls></resources></webmd_rendition>